dr2_bin	n_variants	mean_r2	median_r2
(0.0, 0.2]	6713	0.36599374295947634	0.1380903226810437
(0.2, 0.4]	3222	0.509600346224052	0.5307452398317607
(0.4, 0.6]	4159	0.5371748834182575	0.5626076310812985
(0.6, 0.8]	11655	0.6243479336301408	0.6866173940463731
(0.8, 1.0]	146360	0.9395708346856307	0.9999999999999996
